job_id,title,company,location,link
1128633,Solutions Engineer Web3,Sei Labs,Remote / Asia,https://remoteok.com/remote-jobs/remote-solutions-engineer-web3-sei-labs-1128633
1128632,Senior Application Security Engineer,Uniswap Labs,New York,https://remoteok.com/remote-jobs/remote-senior-application-security-engineer-uniswap-labs-1128632
1128625,Product Designer,BitMEX,Remote - Europe,https://remoteok.com/remote-jobs/remote-product-designer-bitmex-1128625
1128613,Technical Project Manager,Subzero Labs,Remote,https://remoteok.com/remote-jobs/remote-technical-project-manager-subzero-labs-1128613
1128675,Blockchain Solutions Architect,InfStones,Texas,https://remoteok.com/remote-jobs/remote-blockchain-solutions-architect-infstones-1128675
1128673,Technical Product Manager AvaCloud,Ava Labs,"Brooklyn, NY",https://remoteok.com/remote-jobs/remote-technical-product-manager-avacloud-ava-labs-1128673
1128633,Solutions Engineer Web3,Sei Labs,Remote / Asia,https://remoteok.com/remote-jobs/remote-solutions-engineer-web3-sei-labs-1128633
1128632,Senior Application Security Engineer,Uniswap Labs,New York,https://remoteok.com/remote-jobs/remote-senior-application-security-engineer-uniswap-labs-1128632
1128625,Product Designer,BitMEX,Remote - Europe,https://remoteok.com/remote-jobs/remote-product-designer-bitmex-1128625
1128623,Current openings,Ava Labs,New York City,https://remoteok.com/remote-jobs/remote-current-openings-ava-labs-1128623
